player_id,first_date,last_date,span_days,rows,wellness_days,wellness_compliance,load_sessions,load_days,longest_wellness_streak
TeamA-74afe68c-f348-414c-9754-6d6f9df12587,2020-01-01,2021-12-31,731,731,646,0.884,541,475,428
TeamA-5cd7a61b-88b2-46d2-94f8-5a0d4f682d93,2020-01-01,2021-12-31,731,731,640,0.876,517,475,225
TeamA-5a3be598-2f51-426f-95a5-b63d1d7c1b43,2020-01-01,2021-12-31,731,731,633,0.866,645,557,103
TeamA-ecdbd8ec-61a7-4131-97ec-3af76f621f65,2020-01-01,2021-12-31,731,731,633,0.866,623,544,152
TeamA-b58af410-da77-479e-b93c-e03617b9f36d,2020-01-01,2021-12-31,731,731,617,0.844,503,476,68
TeamA-2d44f941-2f24-4fc2-afa8-611a091f2e93,2020-01-01,2021-12-31,731,731,581,0.795,469,418,98
TeamB-e4321aef-964a-4fdd-88bd-0bd548b0e93b,2020-01-01,2021-12-31,731,731,565,0.773,525,488,106
TeamA-4051bba7-1170-4c43-b912-8c38815a7625,2020-01-01,2021-12-31,731,731,560,0.766,555,511,239
TeamB-789547e7-1325-4153-a98d-5ecd497f3668,2020-01-01,2021-12-31,731,731,547,0.748,424,387,45
TeamB-48bfd4ea-e9e2-45b5-befc-3383cae87fdf,2020-01-01,2021-12-31,731,731,546,0.747,456,390,186
TeamA-af719df9-3e6c-4ad4-9e8e-0c0c45f4f76a,2020-01-01,2021-12-31,731,731,526,0.72,574,501,56
TeamB-70b74270-f655-43cc-a188-1ebc7a828b95,2020-01-01,2021-12-31,731,731,522,0.714,417,379,66
TeamB-afc13e53-2c77-48cb-8a78-743663bbb84f,2020-01-01,2021-12-31,731,731,489,0.669,549,450,89
TeamA-32fed4b3-d7fc-482d-ba21-c46c58f015b5,2020-01-01,2021-12-31,731,731,488,0.668,381,349,43
TeamB-2f23d7d5-2326-49ce-b9c8-5a6303f785c5,2020-01-01,2021-12-31,731,731,480,0.657,401,363,61
TeamA-5a5b135d-d146-4b4c-b3da-efcd4d203f95,2020-01-01,2021-12-31,731,731,463,0.633,509,449,37
TeamB-4405bb1f-56f7-48ba-bfa8-e795e4006952,2020-01-01,2021-12-31,731,731,463,0.633,340,315,49
TeamA-f20565cc-df22-46a7-aa97-af8ed00601d7,2020-01-01,2021-12-31,731,731,439,0.601,387,330,100
TeamA-bcc03f81-2733-45d3-abf1-f7a709c63e68,2020-01-01,2021-12-31,731,731,429,0.587,611,541,83
TeamA-358603ef-b3a3-46b5-b80a-ad64e06b6592,2020-01-01,2021-12-31,731,731,418,0.572,554,437,32
TeamB-ab5ec6e5-b0f3-401e-8dc5-aa6c5070e255,2020-01-01,2021-12-31,731,731,416,0.569,339,295,51
TeamA-d7299614-fa73-4f69-b5e9-f913e3154ff6,2020-01-01,2021-12-31,731,731,400,0.547,506,396,30
TeamA-82a0cc6a-a398-4c89-b5fb-34bc4b53dbea,2020-01-01,2021-12-31,731,731,393,0.538,316,273,50
TeamA-affd6f1d-b364-4700-98bf-8f20896e5ac4,2020-01-01,2021-12-31,731,731,368,0.503,408,373,32
TeamA-560cb066-a8ae-412f-b09f-0d2a6aa0cf05,2020-01-01,2021-12-31,731,731,354,0.484,357,297,30
TeamA-705923a2-378f-4f8e-8a29-464837b88cdc,2020-01-01,2021-12-31,731,731,352,0.482,420,339,44
TeamA-78f2ae2c-caf7-47eb-9e84-521f7820182e,2020-01-01,2021-12-31,731,731,335,0.458,443,357,40
TeamB-ab691983-3544-4a0e-8f70-db44d85cb907,2020-01-01,2021-12-31,731,731,306,0.419,377,345,22
TeamB-7d41e602-eece-328b-ff7b-118e820865d6,2020-01-01,2021-12-31,731,731,306,0.419,341,265,142
TeamA-e920ae60-5c4b-4597-be27-fc6876dcec33,2020-01-01,2021-12-31,731,731,286,0.391,298,254,47
TeamA-3e5f6e2b-46b7-4890-84a9-3bbb2649af5a,2020-01-01,2021-12-31,731,731,282,0.386,275,228,20
TeamA-67961019-dbb5-464b-839e-08e5896c2c42,2020-01-01,2021-12-31,731,731,259,0.354,276,225,70
TeamA-967090b2-87d4-476b-adba-56cfaf65ba87,2020-01-01,2021-12-31,731,731,244,0.334,213,201,202
TeamA-c4ccf1a6-48c3-4a17-8d6c-eedd12e8680e,2020-01-01,2021-12-31,731,731,238,0.326,342,290,21
TeamB-29c5271b-5c46-455e-91ea-da2abfa8ff3c,2020-01-01,2021-12-31,731,731,215,0.294,229,200,26
TeamA-0362cdd5-7a63-480a-a46a-62a99fb1692f,2020-01-01,2021-12-31,731,731,194,0.265,148,141,57
TeamB-5eba590a-cecb-400f-a92e-08224c7e2e59,2020-01-01,2021-12-31,731,731,148,0.202,122,95,12
TeamA-7a0fe0d4-c3f7-4ba1-8210-2ee9354d331e,2020-01-01,2021-12-31,731,731,140,0.192,106,96,25
TeamB-4d54416a-8e5f-42c0-8dd0-12700569908f,2020-01-01,2021-12-31,731,731,140,0.192,96,85,12
TeamB-a7126274-c2d2-4f4e-9b67-35d376aefacc,2020-01-01,2021-12-31,731,731,132,0.181,110,108,11
TeamB-7ab47f4e-6eca-4793-880f-6a0dad3459c3,2020-01-01,2021-12-31,731,731,130,0.178,94,86,12
TeamB-4b1e23d2-4204-4e16-9991-e0490649079b,2020-01-01,2021-12-31,731,731,124,0.17,62,60,4
TeamA-c91a44bb-976c-421f-b146-f57e1e5b0846,2020-01-01,2021-12-31,731,731,110,0.15,77,69,17
TeamB-6d568bee-175f-4dcb-9d3a-0f3e8f35de07,2020-01-01,2021-12-31,731,731,96,0.131,61,56,64
TeamB-f67673c0-d467-4832-9519-55133a2647e5,2020-01-01,2021-12-31,731,731,76,0.104,95,68,54
TeamB-08e35b7b-d2ad-411f-a0de-4e663f14c3c3,2020-01-01,2021-12-31,731,731,74,0.101,62,53,47
TeamB-5a921187-19c7-8df4-8f4f-f31e78de5857,2020-01-01,2021-12-31,731,731,72,0.098,32,32,13
TeamB-d9501f3a-aaa1-4311-8b8b-3a8d3f21480f,2020-01-01,2021-12-31,731,731,61,0.083,47,45,7
TeamB-e1f63352-01cb-4688-9486-5c6f1e5cf0cd,2020-01-01,2021-12-31,731,731,48,0.066,24,22,4
TeamB-9c845827-99f9-47f4-977d-2200a107a013,2020-01-01,2021-12-31,731,731,23,0.031,8,8,3
