feature,synth_mean,real_mean,synth_sd,real_sd,ks_statistic,ks_p,cohens_d,p_holm,differs
cumulative_fatigue_score,32.876,361.735,18.43,115.112,0.9891,0.00e+00,-2.904,0.00e+00,True
7_day_workload_average,36.106,362.865,18.98,134.688,0.9771,0.00e+00,-2.467,0.00e+00,True
session_load_au,37.95,363.456,56.439,316.027,0.6481,8.15e-193,-1.047,5.71e-192,True
mood_score,5.099,6.376,1.191,1.391,0.5919,1.73e-155,-0.923,1.04e-154,True
RPE,7.122,4.272,2.033,3.028,0.3934,1.57e-46,0.947,7.83e-46,True
sleep_quality,5.595,6.119,1.516,1.591,0.33,1.95e-45,-0.33,7.81e-45,True
muscle_soreness,5.902,5.986,1.75,1.654,0.2534,2.69e-26,-0.051,8.08e-26,True
ACWR,0.999,1.019,0.085,0.321,0.2439,1.61e-24,-0.062,3.22e-24,True
session_duration_minutes,51.061,62.073,36.58,46.538,0.1916,2.94e-15,-0.238,2.94e-15,True
